<?xml version="1.0"?>
<learningObject editorVersion="3" targetFolder="Nottingham" name="&lt;a href=&quot;#&quot; onclick=&quot;x_navigateToPage(false,{type:'linkID',ID:'PG1592633296024'}); return false;&quot;&gt;&lt;span style=&quot;color:#ffffff; font-size:1.5vw&quot;&gt;&#x25C4; Menu&lt;/span&gt;&lt;/a&gt;" language="en-GB" navigation="Historic" textSize="12" theme="xhibit" displayMode="fill window" responsive="true" footerTools="hideFooterTools" homePage="PG1592633296024" themeurl="true" stylesheet="FileLocation + 'media/xhibit-stylesheet.css'" styles=".x_floatLeft {&#10;    float: left;&#10;    margin: 5px;&#10;}&#10;&#10;.footer_custom {&#10;    border-radius: 25px;&#10;    background: #022a5b;&#10;     width: 90%; height: 20px; &#10;    color:red ;&#10;}&#10;&#10;" hideFooter="true"><text linkID="PG1592633296024" name="" styles=""><![CDATA[<div style="width:90%; height:20%; margin: auto">&nbsp;</div>

<div style="width:90%; height:50%; margin: auto; ">
<h1 style="text-align: center;"><span style="color:#4e5f70;"><span style="font-size:30px;">Kumpulan Kebijakan</span><span style="font-size:26px;"></span></span></h1>

<h1 style="text-align: center;"><span style="color:#4e5f70;"><span style="font-size:28px;">Program Pemulihan Ekonomi Nasional</span></span></h1>

<p>&nbsp;</p>

<p style="text-align:center"><a href="#" onclick="x_navigateToPage(false,{type:'linkID',ID:'PG1592471958816'}); return false;"><img alt="" height="130" src="FileLocation + 'media/logo_sekilas.png'" width="120" /></a><a href="#" onclick="x_navigateToPage(false,{type:'linkID',ID:'PG1592474305460'}); return false;"> </a> <a href="#" onclick="x_navigateToPage(false,{type:'linkID',ID:'PG1592708705717'}); return false;"><img alt="" height="130" src="FileLocation + 'media/kumpulan_peraturan.png'" width="120" /></a></p>

<p><img alt="" height="202" src="FileLocation + 'media/petunjuk.png'" style="float:right" width="250" /></p>

<p>&nbsp;</p>
</div>

<div><map name="image-map"><area alt="" coords="1055,21,1092,54" href="www.twitter.com" shape="rect" target="" title="" /> <area alt="" coords="1090,23,1121,55" href="www.instagram.com" shape="rect" target="" title="" /></map>

<p style="text-align:center"><img alt="" src="FileLocation + 'media/footer.png'" style="max-width: 100%; usemap=" /></p>

<p>&nbsp;</p>
</div>
]]></text><links linkID="PG1592471958816" name="Sekilas PEN" text="&lt;p style=&quot;text-align: center;&quot;&gt;&lt;span style=&quot;font-size:28px;&quot;&gt;&lt;strong&gt;Sekilas Pemulihan Ekonomi Negara&lt;/strong&gt;&lt;/span&gt;&amp;nbsp;&lt;/p&gt;&#10;" cols="5" styles=".panel {&#10;    border-radius: 2vmin;&#10;    background: #FFFFFF;&#10;    background-image: initial;&#10;    background-position-x: initial;&#10;    background-position-y: initial;&#10;    background-size: initial;&#10;    background-repeat-x: initial;&#10;    background-repeat-y: initial;&#10;    background-attachment: initial;&#10;    background-origin: initial;&#10;    background-clip: initial;&#10;    background-color: #f4ab4d;&#10;    box-shadow: none;&#10;    border-color: #F9BA32;&#10;}&#10;&#10;.panel3 {&#10;    border-radius: 3px;&#10;    display: table;&#10;    padding: 10px;&#10;    font-style: normal;&#10;    background-color: #ffffff;&#10;    color: #000000;&#10;}&#10;&#10;a:active {&#10;  color: #000000;&#10;}&#10;&#10;a:visited {&#10;   color: #000000;&#10;}"><link linkID="PG1592471965982" name="" text="&lt;p&gt;&lt;span class=&quot;panel3&quot;&gt;&lt;a href=&quot;#&quot; onclick=&quot;x_navigateToPage(false,{type:'linkID',ID:'PG1592472195771'}); return false;&quot;&gt;1. Infografis Capaian Belanja Negara Bulan Mei 2020&lt;/a&gt;&amp;nbsp;&lt;img alt=&quot;&quot; height=&quot;79&quot; src=&quot;FileLocation + 'media/icon_infografis.png'&quot; style=&quot;float:right&quot; width=&quot;60&quot; /&gt;&lt;/span&gt;&lt;/p&gt;&#10;" url=""/><link linkID="PG1592471988067" name="" text="&lt;p&gt;&lt;span class=&quot;panel3&quot;&gt;&lt;a href=&quot;#&quot; onclick=&quot;x_navigateToPage(false,{type:'linkID',ID:'PG1592472486412'}); return false;&quot;&gt;2. Infografis Capaian Pendapatan Negara Bulan Mei 2020&lt;/a&gt;&amp;nbsp;&lt;img alt=&quot;&quot; height=&quot;79&quot; src=&quot;FileLocation + 'media/icon_infografis.png'&quot; style=&quot;float:right&quot; width=&quot;60&quot; /&gt;&lt;/span&gt;&lt;/p&gt;&#10;" url=""/><link linkID="PG1592471997547" name="" text="&lt;p&gt;&lt;span class=&quot;panel3&quot;&gt;&lt;a href=&quot;#&quot; onclick=&quot;x_navigateToPage(false,{type:'linkID',ID:'PG1592472814159'}); return false;&quot;&gt;3. Media Briefing Program Pemulihan Ekonomi Nasional&lt;/a&gt;&amp;nbsp;&lt;img alt=&quot;&quot; height=&quot;60&quot; src=&quot;FileLocation + 'media/pdf-icon-png-2060.png'&quot; style=&quot;float:right&quot; width=&quot;60&quot; /&gt;&lt;/span&gt;&lt;/p&gt;&#10;" url=""/><link linkID="PG1592472033700" name="" text="&lt;p&gt;&lt;span class=&quot;panel3&quot;&gt;&lt;a href=&quot;#&quot; onclick=&quot;x_navigateToPage(false,{type:'linkID',ID:'PG1592472951796'}); return false;&quot;&gt;4. Siaran Pers Pemerintah siapkan skenario protokol normal baru yang produktif dan aman 2020&lt;/a&gt;&amp;nbsp;&lt;img alt=&quot;&quot; height=&quot;60&quot; src=&quot;FileLocation + 'media/pdf-icon-png-2060.png'&quot; style=&quot;float:right&quot; width=&quot;60&quot; /&gt;&lt;/span&gt;&lt;/p&gt;&#10;" url=""/><link linkID="PG1592472064939" name="" text="&lt;p&gt;&lt;span class=&quot;panel3&quot;&gt;&lt;a href=&quot;#&quot; onclick=&quot;x_navigateToPage(false,{type:'linkID',ID:'PG1592473076444'}); return false;&quot;&gt;5. Media Keuangan Edisi juni 2020 Atasi Pandemi Pulihkan Ekonomi&lt;/a&gt;&amp;nbsp;&lt;img alt=&quot;&quot; height=&quot;60&quot; src=&quot;FileLocation + 'media/pdf-icon-png-2060.png'&quot; style=&quot;float:right&quot; width=&quot;60&quot; /&gt;&lt;/span&gt;&lt;/p&gt;&#10;" url=""/></links><text linkID="PG1592472195771" name="1.1 Infografis Capaian Belanja Negara"><![CDATA[<p style="text-align:center"><img alt="" src="FileLocation + 'media/1._Capaian_Belanja_Negara.jpeg'" style="max-width:100%; max-height: 100%;" /></p>
]]></text><text linkID="PG1592472486412" name="1.2 Infografis Capaian Pendapatan Negara"><![CDATA[<p style="text-align:center"><img alt="" src="FileLocation + 'media/1._Capaian_Pendapatan_Negara.jpeg'" style="max-width:100%; max-height: 100%;" /></p>
]]></text><pdf linkID="PG1592472814159" name="1.3. Media Briefing Program Pemulihan" url="FileLocation + 'media/1.3_Media_Briefing_Program_Pemulihan_Ekonomi_Nasional.pdf'" open="Open PDF"/><pdf linkID="PG1592472951796" name="1.4 Siaran Pers Pemerintah siapkan skenario protokol normal baru yang produktif dan aman 2020" url="FileLocation + 'media/1.4_Siaran_Pers_Pemerintah_siapkan_skenario_protokol_normal_baru_yang_produktif_dan_aman_2020.pdf'" open="Open PDF"/><pdf linkID="PG1592473076444" name="1.5 Media Keuangan Edisi juni 2020 Atasi Pandemi Pulihkan Ekonomi.pdf" url="FileLocation + 'media/1.5_Media_Keuangan_Edisi_juni_2020_Atasi_Pandemi_Pulihkan_Ekonomi.pdf'" open="Open PDF"/><links linkID="PG1592708705717" name="Kumpulan Peraturan" text="" cols="5" styles=".panel {&#10;    border-radius: 2vmin;&#10;    background: #FFFFFF;&#10;    background-image: initial;&#10;    background-position-x: initial;&#10;    background-position-y: initial;&#10;    background-size: initial;&#10;    background-repeat-x: initial;&#10;    background-repeat-y: initial;&#10;    background-attachment: initial;&#10;    background-origin: initial;&#10;    background-clip: initial;&#10;    background-color: #f4ab4d;&#10;    box-shadow: none;&#10;    border-color: #F9BA32;&#10;}&#10;&#10;.panel3 {&#10;    border-radius: 3px;&#10;    display: table;&#10;    padding: 10px;&#10;    font-style: normal;&#10;    background-color: #ffffff;&#10;    color: #000000;&#10;}&#10;&#10;a:active {&#10;  color: #000000;&#10;}&#10;&#10;a:visited {&#10;   color: #000000;&#10;}"><link linkID="PG1592708739146" name="1. PP Nomor 23 Tahun 2020" text="&lt;p&gt;&lt;span class=&quot;panel3&quot;&gt;&lt;a href=&quot;#&quot; onclick=&quot;x_navigateToPage(false,{type:'linkID',ID:'PG1592473674987'}); return false;&quot;&gt;Media Briefing Tentang Pelaksanaan Program Pemulihan Ekonomi Nasional Dalam Rangka Mendukung Kebijakan Keuangan Negara Untuk Penanganan Pandemi Corona Yirus Dt.Sease 2019 (Covid- 19) Dan/Atau Menghadapi Ancaman Yang Membahayakan Perekonomian Nasional Dan/Atau Stabilitas Sistem Keuangan Serta Penyelamatan Ekonomi Nasional&lt;/a&gt;&amp;nbsp;&lt;img alt=&quot;&quot; height=&quot;60&quot; src=&quot;FileLocation + 'media/pdf-icon-png-2060.png'&quot; style=&quot;float:right&quot; width=&quot;60&quot; /&gt;&lt;/span&gt;&lt;/p&gt;&#10;" url=""/></links><pdf linkID="PG1592473674987" name="1 PP 23 Tahun 2020" url="FileLocation + 'media/2.1_PP_Nomor_23_Tahun_2020.pdf'" open="Open PDF"/></learningObject>
